000	SHA256E-s468584448--4e90da09bd6d98b4d577b8281bbdde9db4e051bd218c0424c60f478161556376.bdf
001	SHA256E-s450920448--a897628bab407f9d7cef1ff36e1fa391af6a978ca776b7c9f536bd2d2867256d.bdf
002	SHA256E-s504488448--4799ee30088ce591005eac417f8fb41bc1a1965e0beff867f9d2f5eaefd7c66e.bdf
003	SHA256E-s453512448--03aa2d80903b9887e2aa1b1595e09ef01376d3f1c52e86a45774a480c2bfa1fd.bdf
004	SHA256E-s129632448--549c196bd683c3c1546668a4a6d27fbc356584831535bf24815b3c7593940123.bdf
005	SHA256E-s117536448--bede55b61e8d2803630dab52732e5065ef42d6e0d6a42adba8f64903a85c689e.bdf
006	SHA256E-s462920448--7d931b81cf876639de33d2522fef81a02463be3630f6aadea818c4becc3230b6.bdf
007	SHA256E-s470216448--02593f7a1bf3d0ed4d52858b6feeffea35ed30a0dabdf21612cd22bc51ce56fe.bdf
008	SHA256E-s113672448--8faae067865ccb5afee96b21f133c17d730e8eadc4817155b68c95e20f38d851.bdf
009	SHA256E-s123272448--a8afcdc369b1e9a21c92864b08445a35b5f15568882da2e31f632fc68f5e4c88.bdf
010	SHA256E-s143168448--13c36748d4225b653e7c5bd76a5788779833e25440d69bdc85af8c31fa864b7e.bdf
011	SHA256E-s120200448--8496ccb2154c174b004fed8fcdd10f0f9d517aca6681d603703aab1e439d9dcd.bdf
012	SHA256E-s111944448--2695a38c63d4d6ff8362541608c5845285de3b73389bc60af75d1b0f7b19ca17.bdf
013	SHA256E-s114392448--a8667e2217d927f263ffd9ea41a0e5f3850f4c2079b92dae5ecd6c6a87bba01a.bdf
014	SHA256E-s118208448--184d3844b2af9edc165b8068dae1554849a28a02c5b0b9e3ab8ec980945e42da.bdf
015	SHA256E-s125096448--3e8ddecf18f8897a41d5a528affb821d362902afc61b56b020880cee6f910424.bdf
016	SHA256E-s120848448--8ecf93756a0111baf5d09ae6b7dd48e3d4801644a1610920435db127a4f082ff.bdf
017	SHA256E-s126392448--6e188e629bdece91fb92c290b0ec1ed6e3c9100d2fa9c5cb6ca8e8aff9d38335.bdf
018	SHA256E-s122720448--7786a32b14c1d695f3e69000ce0c551d9b51550bc0c70517179660ebd8595614.bdf
019	SHA256E-s117800448--b191ea9cfb2bc48b5842feddf42e25ea6cead6c633b1b2a27b958fbebaa620f6.bdf
020	SHA256E-s118232448--424b94438e0a2ee45d440757d1fb48322167644b971f52b6168d2c61e31f3fed.bdf
021	SHA256E-s124544448--9c6516355cd44b0a7c638935eb7ecf11978f50fb4b9c7a23329620d0020d7290.bdf
022	SHA256E-s132248448--e865e675d1501d7fd4925e5f3f52e8573028d27e76e690498bf2f246eec43bfe.bdf
023	SHA256E-s138656448--32cd9d1ea4eb9a146f1991d5813d9a6a2a5d96e526a97a7019d28a46074c17ba.bdf
024	SHA256E-s115160448--9a63336eeacf1cfe62d3cad31b3c04a2fee2cece0868c98c0560bb12fbe3a963.bdf
025	SHA256E-s112544448--22d88fe1d3426b0eaab8aee4e0b30c5e58ed6343b68a2f09f563a04c58c7ae75.bdf
026	SHA256E-s121640448--f23615fcb5aa00ee8393fe1c6063ad394906cc433fdd3eba95311b18bfacf0f1.bdf
027	SHA256E-s115856448--af8fd5ed932c382d18dbf6d82a3acd88a54e0841f89e3619ea629fac01601435.bdf
028	SHA256E-s121088448--2ba439615acbb04c5155a1a04c31f3419ffd590581dd41a224a5bc7fb097827e.bdf
029	SHA256E-s148640448--8cde16d76076a7da999547075404227db68bdd859f61003d47a36f13bda61a41.bdf
030	SHA256E-s117656448--7874a0eb87a388c0797d0f8e717072b773812b2f161d64886ae45b814d845012.bdf
031	SHA256E-s122552448--7a874410b3fa0fc264edaedc7c07091eb5bea36013ec95117f07a6f7b971acec.bdf
032	SHA256E-s115376448--74ef06c8249a9fe30df04d4aaa1f9252ba24d2b784b4bb1a98d0b57824d4658d.bdf
033	SHA256E-s123224448--aea095a2d4580dd5d8dcc0dfc50b086f8ba9343ebf485ad1a621f3645fff6da7.bdf
034	SHA256E-s112256448--34506a2165839327af6376e261e7c8b60c2e130ab93883bfe22853b717780500.bdf
035	SHA256E-s131768448--d21b68edf4eb40df49315b85be5c8eb64beac9470d1146980cfb7fbfe8d4b208.bdf
036	SHA256E-s124472448--a18ee8f51e991fec7e49e65bf931fb7bdc9ac7c12fb7e3677fd2bd63011120b6.bdf
037	SHA256E-s126416448--37eb884e5e807bf2161fc771b4a4e441c59336f3d125c5fa11a4da7c38f86a24.bdf
038	SHA256E-s97616448--3477922e330690724759c4e8424b650aaa525ae7b443185b9f73a2b0f947304c.bdf
039	SHA256E-s121616448--41a0fb017a8b251bc1cd3dbbb917fa3583c728f10014f15f8769273341a24713.bdf
040	SHA256E-s128864448--fec71bb1cbc8e708a80b8c8a267718571b4ecd47500b2e8d83ed008ce1a2fd10.bdf
041	SHA256E-s104720448--076df836c68d163623f44a3e74c51c16b36294c449c4d599bc63528d61b40d0f.bdf
042	SHA256E-s112232448--c43e5e7dbb003ece7e08d6b16a7cf331dcf21e576a2d94ed46244b97a7935f25.bdf
043	SHA256E-s98984448--799b0fafe1f5c4447033697a8e2a07a29d8c5f08c08c27cebd029ed22f265812.bdf
044	SHA256E-s110576448--61313cbcd31e7f7c7caeaf682eb2b7ecfd187ce83b086305ade0991af2fdc1de.bdf
045	SHA256E-s161840448--22b8a2f271dd1438126f1eb26a759a942fa5bccde8aeb820d1f78f81ac6165ad.bdf
046	SHA256E-s115616448--e0a2b0b0abe65cbd34178c8345287822e7ba3373083fb4a8a3b7d80805daae70.bdf
047	SHA256E-s109616448--edbf78702fc4e10ea8641c060a3e5d26454b4ca810939190f1bf9280eab7f7a9.bdf
048	SHA256E-s111896448--17803188a9bb145f67138004e466abcc4e8d2bb558e11b8d921ee5a0763610bb.bdf
049	SHA256E-s112016448--966d8e29ed755fde59c1ef41a69cb73bd587b82d203498090dfd4f33ab47e3ef.bdf
050	SHA256E-s104384448--0cc7c959f020e65c521736afc8d28d183c74291ef0105a5576c94414659c8e0f.bdf
051	SHA256E-s122192448--f8fd0684a18d52364b323af83a60b0d70f534208f731096d1e5820a18f83ec3b.bdf
052	SHA256E-s107552448--4bb1e27b0164d3fa183ab5649813ad66c8797885f2c7e06cb069c88efe8263dd.bdf
053	SHA256E-s115520448--5328df0e8789f19b42bc2509c9372fa395877f879bf6e77e85e7300470eb55eb.bdf
054	SHA256E-s122720448--bbe97ec6f591764a86d0bda5eebff18bc3d303574ff5e40e5402b760baac5499.bdf
055	SHA256E-s115640448--ac892cadb1e10cce1fb1aa9b5029accfb02045b2e6045b1dfa55135df1955ed4.bdf
056	SHA256E-s112784448--720e85331a9f2bc8a7aba6ebf4f623fc48ad7968b75901916a079593b2cd8e0f.bdf
057	SHA256E-s120248448--f50c7a05b09fcb46fe3ceb26e663c2df4a8cc2624d6609ea5cdd7977c3e1d60e.bdf
058	SHA256E-s105488448--d8bd0ef30c1ea4a25df588d0eed122257c99edf977407eb6476d20f39d191516.bdf
059	SHA256E-s155144448--71762a3d81801c13d91381681074059fddffb69ccc93d574f84f87202254733f.bdf
060	SHA256E-s154976448--92d5fc13502d1fda10f6dc972a69c51c70de901876f10e7d5be897c3ea5e84ff.bdf
061	SHA256E-s474056448--33b952aeb66cbc1e4262a73d9b8563b2a048af50e862c5dade329fc1a8148deb.bdf
062	SHA256E-s393128448--23851a0c65e4740c7d03c30f47a607da8f8bf284d3a0c6e1c014ce9913f58cc3.bdf
063	SHA256E-s405608448--dfd5a0567904f0dae7ce25915472a5703d0358c9b8bf852dd8a770e55e69e526.bdf
064	SHA256E-s444104448--30efd11f1bfb3ed981fe9405913782a2881afb73d99a7d26c58f782a6ea62501.bdf
065	SHA256E-s433544448--1dc6d76f09b3f27c6fefd748a428df5d7695b95ed0f519b9d473deb2de759124.bdf
066	SHA256E-s424616448--3202ddc80df4a9e7c94cd9c6bcaee149f4386a9ba5c906d48e3dba517bf63ee5.bdf
067	SHA256E-s349832448--7d71fcabc74329a8f3b3274e4e25299d3a8ebe88b88ec57b95554af5bb8beac7.bdf
068	SHA256E-s360008448--d188769e05fda9c1ad79dfbd789a990536db9c65b088f1cf67f8a20ee831bf87.bdf
069	SHA256E-s379976448--ee2723bed0f5192db9b14e7d530aeb9ac17fed2b88df50fe3672e02c6993bc36.bdf
070	SHA256E-s385544448--b712bcddbcb7fc1a96283e42acd69537c445ea55e7b23773848fea20478b5b96.bdf
071	SHA256E-s398120448--270088d19748f37e520c2b3a9625d1f38639f97c0abd84c76837a430520ef3a2.bdf
072	SHA256E-s393320448--ad9799a7d2aeb01c03d20945b03596aca580de09c6110f107721533a128d62d0.bdf
073	SHA256E-s374216448--2b5eaee4ef7f9d32f397d2e0e6080f9e7d7d6c8a738740deeab71c104f84b0d1.bdf
074	SHA256E-s386024448--87a0fe9f5ac872f1a8c7dc9e866eb61dcd3dcac22e5087846bd0b6bf09b7da68.bdf
075	SHA256E-s396776448--770bc74cc07bdd4723531c7b917edbd04361af2eb8a6440b673d291166502c85.bdf
076	SHA256E-s423848448--1e2b4d532eb50e07bdbcd72995525122964c98801350c3eb4dd3b09848985357.bdf
077	SHA256E-s358568448--193f2b542a80c4d4db7060ea0ad065c81140e9bfd9868edcf4bcb98d56791637.bdf
078	SHA256E-s376904448--7e1504bf3b7fe8a089370531043c2fc566519794434ae40f932321fa7686c3c7.bdf
079	SHA256E-s412232448--622e90d57993a9439a0aadc133f291e48ee3c4d97348b86284dbb84e4d3013d4.bdf
080	SHA256E-s390248448--d8f2a8f37d11395d66b8cfbf36c10d4944bebb495831024c4f92307bd5eebd86.bdf
081	SHA256E-s370184448--2997d83d78f9bc6b24655bed2d834d8ac66fd5837d5dffae76df32c0d72c234b.bdf
082	SHA256E-s398792448--33e6181f93a9fbce9b21a6597608cc70ed81414046d0dcb82070e4412e817baa.bdf
083	SHA256E-s375176448--4d083b3aae90f65226b52ab64e3134e93a96a72a49bced89857c2b708918ec22.bdf
084	SHA256E-s402920448--1203dafd8c363beda5f9aac14d65ec6fbd7db3b8967ba7044a902b886290c046.bdf
085	SHA256E-s425000448--b4e98572dec2623271f1cf5a4d796ae2d73b77e8490b5d3a95dae861d800d979.bdf
086	SHA256E-s332936448--edb45426583cf2b05d10da2069a038470c0fad57b661789f101ee6e3d3329a6d.bdf
087	SHA256E-s407048448--89b82878ba49fc0877d18523cdfe0e3678ca5ed1f321ffbe5dc4d8028789ea03.bdf
088	SHA256E-s384296448--55c6636b80c8d8a4b0d0ccf998df62aee99684974790d66483490ccfd7f6f57f.bdf
089	SHA256E-s405320448--e20ce8c83eb33df45643e89131fa0c9154459045611a9e6dbad9cd3281bb0955.bdf
090	SHA256E-s407816448--35a8378542012e64b881a43e20d646d8982df9e8e1302a8e1eed27e8147eb6d2.bdf
091	SHA256E-s398312448--6ab14eb89cc68095cc8a3a3b127319aa186aa8cb01be3ce794f70e5daac772f5.bdf
092	SHA256E-s463016448--18ed300352ac83186e50c7948fa4f80c440aa642cec42c580fa319b03bbe46cd.bdf
093	SHA256E-s403880448--f05f547ac4069f890b2c48b7ae176969e0c1a2fb782087b6f73fb0a00c1725b6.bdf
094	SHA256E-s390536448--52b5b7c851c9df299115148afcba15f4c980121fd5d66c21673595adf623bad1.bdf
095	SHA256E-s436616448--df2dac077f1b16c4a065726aaa8f71ec09d5a121dd28f6e985128174b5cae587.bdf
096	SHA256E-s387656448--1517dd6e8377eddfd3a78ee7a589b28546c6cb0e4187ccfe10186934a15ba27b.bdf
097	SHA256E-s344840448--0d58871fd85b677ab579ad7dc86574387dd4e96b52940883ebf76922ba920c23.bdf
098	SHA256E-s346952448--e5c43838c6ef4ce0868c25d51792b49131931c8eb48c9c9f04a40c7c5ff03cc0.bdf
099	SHA256E-s380264448--40d11be41bdc85ee31f6102aa154c3df6e725cfa9a60ca5544c1d8317956ef2a.bdf
100	SHA256E-s346952448--02be5e85e25830ea03ec5d8c092ed9518f34381f27065b1f687277eff9c1ebc5.bdf
101	SHA256E-s351752448--f3e8497b11d6147f17e068b1c8bb0a47c4ecbc3e1f641e77b15b4e493b0387d7.bdf
102	SHA256E-s448904448--db445dee2ce19e4d0ccc40d9bba69b7c18a3e34501bd16455a4aca4b521e452f.bdf
103	SHA256E-s384872448--325d4ac8fbd2593b4c751fccc2ec53c99b164efbb1cce5b56fd373ba2a66ac01.bdf
104	SHA256E-s337352448--28602af1cc4fa850aa2a1e8c7b8a8d058a7bcd7aa353a257738c88619aa80437.bdf
105	SHA256E-s361544448--1b7d671d4e295ec65893cb2cbedcca6d9051628cea1c2b5e1212568d73f19a6a.bdf
106	SHA256E-s342728448--70e139db34e491c416f20a8f857baf6d8e8467107793d8f107da27f07ce41ac5.bdf
107	SHA256E-s411176448--58c65e8f3de4bf415d7c4421bc33fe3658588dc07dbedb0eb1e0519f8fe24521.bdf
108	SHA256E-s492584448--a2fdfc895b50811a016f646794e70f6980f0e5315d30ec95328992bb129409e3.bdf
109	SHA256E-s389672448--e467b266b54a2159b6e58b64b7dfd883195e4699570fdeeee8ce6ec58b87f371.bdf
110	SHA256E-s379400448--1fe6a0ff4af42f8e0088734123e4625e4f3059439b8023df43015451d566d388.bdf
111	SHA256E-s446600448--25ded6386af6e99d3788f012e7d23413bd13f0cd0c5a8aea544165c8e4da9def.bdf
112	SHA256E-s388904448--bce1c611782bc0d9752f3325541195ca1f8b0cc6d1f6f8172c9a1793766dc734.bdf
113	SHA256E-s377576448--4e03edd9a59880884915b2a7f6a944668f67b5f17429873253cdc22d33869325.bdf
114	SHA256E-s369992448--425d09022051ba811a899c16e741bc000d4a759fdf08284c0d69c260fbf67f04.bdf
115	SHA256E-s395720448--9a19cfd824fc09d77ecae5f740058a087be914183b9ae76f06b4675446dfb414.bdf
116	SHA256E-s394952448--1e6aa3ac8e18ee032d85eb110aef683506ac3d846b3a8be04dc3557c9a9ea520.bdf
117	SHA256E-s401384448--731ce865a8c67e65a70d4786e417ea26e83ff886d1cacde87f80e5c2f7ff882a.bdf
118	SHA256E-s353384448--616477a18f7495b3b8f6db8a9cfc172b258facc94a22ac73aa49f35f7bcd0b3d.bdf
119	SHA256E-s413864448--24ce010979d08f3109358a9037ea0bf44b252b95bc67a91f4d436a196900683b.bdf
120	SHA256E-s338600448--dff1b6b2f2d9ef55d04e6db0d8854d17e993754629373ddc16e31f6d381b9ca8.bdf
121	SHA256E-s359432448--12992dbda80b229913b43c6e2056cef8cd74460fe469df3a5d0b0af451e9a775.bdf
122	SHA256E-s349640448--d54e8e5772917bf645403e8015b412151fd69e9e7f179c96b8b403bfda205e12.bdf
